{
  "dummy": {
    "accuracy": 0.2,
    "precision_macro": 0.04,
    "recall_macro": 0.2,
    "f1_macro": 0.06666666666666667,
    "classification_report": {
      "dot_product": {
        "precision": 0.2,
        "recall": 1.0,
        "f1-score": 0.3333333333333333,
        "support": 10.0
      },
      "linear_regression_inference": {
        "precision": 0.0,
        "recall": 0.0,
        "f1-score": 0.0,
        "support": 10.0
      },
      "logistic_regression_approx": {
        "precision": 0.0,
        "recall": 0.0,
        "f1-score": 0.0,
        "support": 10.0
      },
      "mean": {
        "precision": 0.0,
        "recall": 0.0,
        "f1-score": 0.0,
        "support": 10.0
      },
      "variance": {
        "precision": 0.0,
        "recall": 0.0,
        "f1-score": 0.0,
        "support": 10.0
      },
      "accuracy": 0.2,
      "macro avg": {
        "precision": 0.04,
        "recall": 0.2,
        "f1-score": 0.06666666666666667,
        "support": 50.0
      },
      "weighted avg": {
        "precision": 0.04,
        "recall": 0.2,
        "f1-score": 0.06666666666666667,
        "support": 50.0
      }
    },
    "confusion_matrix": [
      [
        10,
        0,
        0,
        0,
        0
      ],
      [
        10,
        0,
        0,
        0,
        0
      ],
      [
        10,
        0,
        0,
        0,
        0
      ],
      [
        10,
        0,
        0,
        0,
        0
      ],
      [
        10,
        0,
        0,
        0,
        0
      ]
    ],
    "labels": [
      "dot_product",
      "linear_regression_inference",
      "logistic_regression_approx",
      "mean",
      "variance"
    ]
  },
  "random_forest": {
    "accuracy": 0.66,
    "precision_macro": 0.6886002886002885,
    "recall_macro": 0.6599999999999999,
    "f1_macro": 0.6680390816613727,
    "classification_report": {
      "dot_product": {
        "precision": 0.5454545454545454,
        "recall": 0.6,
        "f1-score": 0.5714285714285714,
        "support": 10.0
      },
      "linear_regression_inference": {
        "precision": 0.3333333333333333,
        "recall": 0.4,
        "f1-score": 0.36363636363636365,
        "support": 10.0
      },
      "logistic_regression_approx": {
        "precision": 0.8888888888888888,
        "recall": 0.8,
        "f1-score": 0.8421052631578947,
        "support": 10.0
      },
      "mean": {
        "precision": 0.8571428571428571,
        "recall": 0.6,
        "f1-score": 0.7058823529411765,
        "support": 10.0
      },
      "variance": {
        "precision": 0.8181818181818182,
        "recall": 0.9,
        "f1-score": 0.8571428571428571,
        "support": 10.0
      },
      "accuracy": 0.66,
      "macro avg": {
        "precision": 0.6886002886002885,
        "recall": 0.6599999999999999,
        "f1-score": 0.6680390816613727,
        "support": 50.0
      },
      "weighted avg": {
        "precision": 0.6886002886002884,
        "recall": 0.66,
        "f1-score": 0.6680390816613726,
        "support": 50.0
      }
    },
    "confusion_matrix": [
      [
        6,
        4,
        0,
        0,
        0
      ],
      [
        5,
        4,
        0,
        1,
        0
      ],
      [
        0,
        0,
        8,
        0,
        2
      ],
      [
        0,
        4,
        0,
        6,
        0
      ],
      [
        0,
        0,
        1,
        0,
        9
      ]
    ],
    "labels": [
      "dot_product",
      "linear_regression_inference",
      "logistic_regression_approx",
      "mean",
      "variance"
    ]
  },
  "svm": {
    "accuracy": 0.62,
    "precision_macro": 0.6296969696969696,
    "recall_macro": 0.62,
    "f1_macro": 0.6234085213032581,
    "classification_report": {
      "dot_product": {
        "precision": 0.3,
        "recall": 0.3,
        "f1-score": 0.3,
        "support": 10.0
      },
      "linear_regression_inference": {
        "precision": 0.36363636363636365,
        "recall": 0.4,
        "f1-score": 0.38095238095238093,
        "support": 10.0
      },
      "logistic_regression_approx": {
        "precision": 0.8888888888888888,
        "recall": 0.8,
        "f1-score": 0.8421052631578947,
        "support": 10.0
      },
      "mean": {
        "precision": 0.7777777777777778,
        "recall": 0.7,
        "f1-score": 0.7368421052631579,
        "support": 10.0
      },
      "variance": {
        "precision": 0.8181818181818182,
        "recall": 0.9,
        "f1-score": 0.8571428571428571,
        "support": 10.0
      },
      "accuracy": 0.62,
      "macro avg": {
        "precision": 0.6296969696969696,
        "recall": 0.62,
        "f1-score": 0.6234085213032581,
        "support": 50.0
      },
      "weighted avg": {
        "precision": 0.6296969696969696,
        "recall": 0.62,
        "f1-score": 0.6234085213032582,
        "support": 50.0
      }
    },
    "confusion_matrix": [
      [
        3,
        5,
        0,
        2,
        0
      ],
      [
        6,
        4,
        0,
        0,
        0
      ],
      [
        0,
        0,
        8,
        0,
        2
      ],
      [
        1,
        2,
        0,
        7,
        0
      ],
      [
        0,
        0,
        1,
        0,
        9
      ]
    ],
    "labels": [
      "dot_product",
      "linear_regression_inference",
      "logistic_regression_approx",
      "mean",
      "variance"
    ]
  },
  "torch": {
    "accuracy": 0.28,
    "precision_macro": 0.2678787878787879,
    "recall_macro": 0.27999999999999997,
    "f1_macro": 0.23447619047619045,
    "classification_report": {
      "dot_product": {
        "precision": 0.5,
        "recall": 0.1,
        "f1-score": 0.16666666666666666,
        "support": 10.0
      },
      "linear_regression_inference": {
        "precision": 0.26666666666666666,
        "recall": 0.4,
        "f1-score": 0.32,
        "support": 10.0
      },
      "logistic_regression_approx": {
        "precision": 0.0,
        "recall": 0.0,
        "f1-score": 0.0,
        "support": 10.0
      },
      "mean": {
        "precision": 0.2727272727272727,
        "recall": 0.3,
        "f1-score": 0.2857142857142857,
        "support": 10.0
      },
      "variance": {
        "precision": 0.3,
        "recall": 0.6,
        "f1-score": 0.4,
        "support": 10.0
      },
      "accuracy": 0.28,
      "macro avg": {
        "precision": 0.2678787878787879,
        "recall": 0.27999999999999997,
        "f1-score": 0.23447619047619045,
        "support": 50.0
      },
      "weighted avg": {
        "precision": 0.2678787878787878,
        "recall": 0.28,
        "f1-score": 0.2344761904761905,
        "support": 50.0
      }
    },
    "confusion_matrix": [
      [
        1,
        2,
        0,
        5,
        2
      ],
      [
        1,
        4,
        1,
        3,
        1
      ],
      [
        0,
        1,
        0,
        0,
        9
      ],
      [
        0,
        5,
        0,
        3,
        2
      ],
      [
        0,
        3,
        1,
        0,
        6
      ]
    ],
    "labels": [
      "dot_product",
      "linear_regression_inference",
      "logistic_regression_approx",
      "mean",
      "variance"
    ]
  }
}